metric,value
accuracy,0.4
GP,0.5970149253642236
GR,0.5479452054719459
FScore,0.5714285709213265
OE,0.27
macro_f1,0.2045045045045045
