metric,value
accuracy,0.35
GP,0.47945205478795266
GR,0.564516129023153
FScore,0.5185185180141563
OE,0.3
macro_f1,0.15190305512886157
