metric,value
accuracy,0.47
GP,0.6911764705780709
GR,0.5949367088532286
FScore,0.6394557818070248
OE,0.24
macro_f1,0.35727780990938884
